{"cameraMode":{"drawMode":0,"name":"Shaded","section":"Shading Mode"},"sceneLighting":false,"audioPlay":false,"sceneViewState":{"m_AlwaysRefresh":false,"showFog":true,"showSkybox":false,"showFlares":true,"showImageEffects":true,"showParticleSystems":true,"showVisualEffectGraphs":true,"m_FxEnabled":true},"in2DMode":false,"pivot":{"x":-1.610213041305542,"y":-0.36615538597106936,"z":4.579829692840576},"rotation":{"x":0.14513958990573884,"y":-0.1475171595811844,"z":0.021892698481678964,"w":0.9781379699707031},"size":6.465248107910156,"orthographic":false}