{"cameraMode":{"drawMode":0,"name":"Shaded","section":"Shading Mode"},"sceneLighting":true,"audioPlay":false,"sceneViewState":{"m_AlwaysRefresh":false,"showFog":true,"showSkybox":true,"showFlares":true,"showImageEffects":true,"showParticleSystems":true,"showVisualEffectGraphs":true,"m_FxEnabled":true},"in2DMode":false,"pivot":{"x":-5.748254299163818,"y":-1.6876411437988282,"z":-0.3632164001464844},"rotation":{"x":0.38851940631866457,"y":-0.034257929772138599,"z":0.014452372677624226,"w":0.9207074046134949},"size":5.086360931396484,"orthographic":false}